id,artist,title,date_added
433,Bajaga,"Vidi Šta Su Mi Uradili Od Pesme Mama","2018-11-23 07:20:40.316538"
434,Desireless,"Voyage Voyage","2018-11-23 07:17:39.848843"
435,"Rag'N' Bone Man",Human,"2018-11-23 07:14:39.394655"
436,"Simply Red",Stars,"2018-11-23 07:11:38.928549"
437,"Fine Young Cannibals","She Drives Me Crazy","2018-11-23 07:11:38.925125"
438,"Clean Bandit Feat. Demi Lovato",Solo,"2018-11-23 07:01:34.235023"
439,"Maggie Reilly","Everytime We Touch","2018-11-23 07:01:04.140546"
440,Madonna,"Material Girl","2018-11-23 06:22:50.734766"
441,"Maksine Vrecko","Nocem Besed","2018-11-23 02:15:19.049114"
442,"Mr Mister",Kyrie,"2018-11-23 02:15:19.047217"
443,"Alenka Godec","Življenje Je Lepo","2018-11-22 22:22:19.809288"
444,"Lionel Richie","Say You Say Me","2018-11-22 22:22:19.789261"
445,"Rod Stewart","Downtown Train","2018-11-22 20:22:03.702306"
446,"Frankie Goes To Hollywood",Relax,"2018-11-22 20:22:03.699692"
447,U2,One,"2018-11-22 18:20:36.751685"
448,"Peter Lovsin","Sam En Majhen Poljub","2018-11-22 18:18:36.451275"
449,Madonna,"American Pie","2018-11-22 18:13:53.918877"
450,"Modern Talking","You'Re My Heart You'Re My Soul","2018-11-22 18:13:53.918254"
451,"Paul Mccartney Michael Jackson","Say Say Say","2018-11-22 16:12:26.630392"
452,Zmelkoow,Bit,"2018-11-22 16:09:26.120191"
453,Dido,"Life For Rent","2018-11-22 16:06:25.629599"
454,Nek,"Laura Non Ce","2018-11-22 16:02:55.094435"
455,Alphaville,"Big In Japan","2018-11-22 16:02:25.017619"
456,"Zara Larsson","Lush Life","2018-11-22 15:20:13.386399"
457,Boyzone,Words,"2018-11-22 15:16:12.744287"
458,"Bryan Adams","Summer Of '69","2018-11-22 15:11:11.847610"
459,"Sophie B. Hawkins","Right Beside You","2018-11-22 15:07:11.123328"
460,"Tina Turner","Steamy Windows","2018-11-22 15:03:10.421862"
461,Juanes,"Volverte A Ver","2018-11-22 15:02:40.319794"
462,"Human League","Don't You Want Me","2018-11-22 14:48:37.520856"
463,"Dolly Parton","9 To 5","2018-11-22 14:44:36.233583"
464,"Robin Thicke Feat. T.I. & Pharrell","Blurred Lines","2018-11-22 14:39:35.287878"
465,Commodores,Nightshift,"2018-11-22 14:36:34.669332"
466,"Gabriella Cilmi","Sweet About Me","2018-11-22 14:32:03.755455"
467,"Joe Cocker",Tonight,"2018-11-22 14:31:33.547989"
468,"Dua Lipa","New Rules","2018-11-22 14:19:01.421190"
469,Falco,"Rock Me Amadeus","2018-11-22 14:16:30.951391"
470,Tabu,"Lahko Sem Srce","2018-11-22 14:16:30.949501"
471,"Eros Ramazzotti","Fuoco Nel Fuoco","2018-11-22 14:11:24.520900"
472,"Umberto Tozzi Raff","Gente Di Mare","2018-11-22 14:11:24.512252"
473,"Gotye Feat. Kimbra","Somebody That I Used To Know","2018-11-22 13:39:43.961535"
474,"Marc Almond Gene Pitney","Something Gotten Hold On My Heart","2018-11-22 13:37:13.469804"
475,"Imagine Dragons",Demons,"2018-11-22 13:33:12.748621"
476,"Samantha Fox","Touch Me","2018-11-22 13:28:41.966977"
477,"Rod Stewart","Some Guys Have All The Luck","2018-11-22 13:20:40.027030"
478,"Charlie Puth","How Long","2018-11-22 13:16:38.843141"
479,Oasis,"Don't Look Back In Anger","2018-11-22 13:12:36.831885"
480,"Nina Pušlar","Za Naju","2018-11-22 13:09:36.183801"
481,"David Hasselhoff","Looking For Freedom","2018-11-22 13:05:05.222219"
482,"Jennifer Lopez","Let`s Get Loud","2018-11-22 13:01:34.452710"
483,Marquess,"Vayamos Companeros","2018-11-22 13:01:04.298749"
484,Texas,"Summer Son","2018-11-22 12:47:31.714330"
485,"Beyonce Jay Z","Crazy In Love","2018-11-22 12:44:31.059593"
486,Queen,"Don't Stop Me Now","2018-11-22 12:40:30.097621"
487,"Kygo Parson James","Stole The Show","2018-11-22 12:36:58.448132"
488,"Donna Summer","I Don't Wanna Get Hurt","2018-11-22 12:31:57.430137"
489,"Dire Straits","Money For Nothing","2018-11-22 12:30:57.268331"
490,"Uncle Cracker","Follow Me","2018-11-22 12:18:22.009287"
491,"Drustvo Mrtvih Pesnikov","Ti Si Vse","2018-11-22 12:12:50.635414"
492,"Guns N' Roses","Knockin On Heavens Door","2018-11-22 12:08:19.820540"
493,Pink,"What About Us","2018-11-22 12:04:18.994992"
494,Soulsister,"The Way To Your Heart","2018-11-22 12:01:18.237666"
495,"Billie Mayers","Kiss The Rain","2018-11-22 12:00:48.141531"
496,"Fairground Attraction",Perfect,"2018-11-22 11:46:44.747570"
497,Coldplay,"Viva La Vida","2018-11-22 11:43:11.485242"
498,"Mr Big","Wild World","2018-11-22 11:40:09.155590"
499,"Jan Plestenjak Challe Salle","Velik Je Ta Svet","2018-11-22 11:36:36.189082"
500,"Ellie Goulding","Love Me Like You Do","2018-11-22 11:32:34.530953"
501,"Lighthouse Family",High,"2018-11-22 11:31:34.372611"
502,"Bruce Springsteen","My Hometown","2018-11-22 11:24:02.660933"
503,"Alvaro Soler",Sofia,"2018-11-22 11:17:31.010458"
504,"Faith Hill","This Kiss","2018-11-22 11:14:00.365465"
505,"Bryan Adams Mel C","Baby When You'Re Gone","2018-11-22 11:08:59.428464"
506,"Vonda Shepard","Searching My Soul (Ally Mcbeal Theme)","2018-11-22 11:05:58.837960"
507,"George Ezra",Shotgun,"2018-11-22 11:02:28.153313"
508,"Michael Bolton","Lean On Me","2018-11-22 11:01:58.065928"
509,Erasure,"Oh L'Amour","2018-11-22 10:52:55.011081"
510,"Mr President","Coco Jamboo","2018-11-22 10:45:23.013209"
511,"Cliff Richard","Some People","2018-11-22 10:41:52.366081"
512,"Mr Probz",Waves,"2018-11-22 10:38:50.608286"
513,Sasha,"I Feel Lonely","2018-11-22 10:37:50.406013"
514,"Spandau Ballet",True,"2018-11-22 10:30:18.670877"
515,"Ozzy Osbourne",Dreamer,"2018-11-22 10:30:18.669989"
516,"Bonnie Tyler","Holding Out For A Hero","2018-11-22 10:19:16.522416"
517,"Joan Armatrading","Drop The Pilot","2018-11-22 10:16:15.789318"
518,Nude,"Šiz The Best","2018-11-22 10:16:15.788440"
519,"Nuša Derenda","Naj Mi Dez Napolni Dlan","2018-11-22 10:12:44.583732"
520,Aerosmith,"I Don't Want To Miss A Thing","2018-11-22 10:12:44.577709"
521,"Genesis Phil Collins","Invisible Touch","2018-11-22 10:06:03.654700"
522,"Spice Girls",Wannabe,"2018-11-22 10:02:32.772607"
523,"Robbie Williams",Feel,"2018-11-22 10:02:32.771785"
524,"Cyndi Lauper","She Bop","2018-11-22 09:48:30.229052"
525,"Eric Clapton","My Fathers Eyes","2018-11-22 09:44:58.533909"
526,Prizma,Pogum,"2018-11-22 09:40:57.839338"
527,"Don Henley","The Boys Of Summer","2018-11-22 09:40:57.837449"
528,"Bloodhound Gang","The Bad Touch","2018-11-22 09:31:55.917923"
529,"Felix Jaehn Polina","Book Of Love","2018-11-22 09:31:25.826750"
530,Rednex,"Wish You Were Here","2018-11-22 09:17:53.240988"
531,"George Michael",Faith,"2018-11-22 09:14:52.658431"
532,Sia,"The Greatest","2018-11-22 09:08:50.910471"
533,"Shania Twain","That Don't Impress Me Much","2018-11-22 09:05:20.269865"
534,"Al Corley","Square Rooms","2018-11-22 09:01:18.479156"
535,"Spiller Sophie Ellis Bextor",Groovejet,"2018-11-22 09:01:18.478087"
536,Imany,"Don't Be So Shy","2018-11-22 08:51:15.662744"
537,"Ann Lee","2 Times","2018-11-22 08:47:14.930491"
538,"Eurythmics Annie Lennox","Sweet Dreams","2018-11-22 08:43:38.709876"
539,"Tony Cetinski","Kad Žena Zavoli","2018-11-22 08:43:38.707462"
540,"Billy's Private Parking","Hello Hello","2018-11-22 08:40:38.257475"
541,"Jonas Blue",Rise,"2018-11-22 08:04:44.671639"
542,"Deep Blue Something","Breakfast At Tiffanys","2018-11-22 08:03:14.449382"
543,"Enrique Iglesias","The Rhythm Divine","2018-11-22 07:49:12.197006"
544,Prince,"When Doves Cry","2018-11-22 07:46:38.975413"
545,"Lost Frequencies","Are You With Me","2018-11-22 07:42:38.266042"
546,Roxette,"It Must Have Been Love","2018-11-22 07:39:07.541009"
547,"Chris Rea","I Can Hear Your Heart Beat","2018-11-22 07:34:36.691186"
548,"Bruno Mars","Locked Out Of Heaven","2018-11-22 07:33:36.536063"
549,Madonna,"Like A Virgin","2018-11-22 07:20:33.186784"
550,"Maroon 5 Sza","What Lovers Do","2018-11-22 07:16:03.123942"
551,Reamonn,Supergirl,"2018-11-22 07:13:02.686128"
552,Anabel,"Klic Stran","2018-11-22 07:13:02.685087"
553,"Boris Gardiner","I Wanna Wake Up With You","2018-11-21 20:19:55.868573"
554,"Georgio Moroder","Together In Electric Dreams","2018-11-21 20:16:25.260622"
555,"Reo Speedwagon","Keep On Loving You","2018-11-21 20:12:54.698105"
556,"Eurythmics Annie Lennox","When Tomorrow Comes","2018-11-21 20:07:53.419871"
557,"Tears For Fears",Shout,"2018-11-21 20:04:51.954977"
558,Bangles,"Eternal Flame","2018-11-21 20:04:51.953118"
559,"Murray Head","One Night In Bangkok","2018-11-21 19:59:35.303848"
560,"Maroon 5",Sugar,"2018-11-21 19:53:42.173513"
561,"Maggie Reilly","Everytime We Touch","2018-11-21 19:49:32.473706"
562,"Goo Goo Dolls","Give A Little Bit","2018-11-21 19:46:31.975362"
563,Inxs,"By My Side","2018-11-21 19:43:01.343701"
564,S.A.R.S.,Lutka,"2018-11-21 19:39:00.731098"
565,"Bon Jovi","Bed Of Roses","2018-11-21 19:33:29.832129"
566,"Dire Straits","Sultans Of Swing","2018-11-21 19:30:59.451449"
567,Anabel,"Ob Kavi","2018-11-21 19:30:59.448530"
568,"Lionel Richie","Do It To Me","2018-11-21 19:21:26.826954"
569,"Katy Perry Skip Marley","Chained To The Rhythm","2018-11-21 19:17:56.179077"
570,"Cyndi Lauper","True Colors","2018-11-21 19:14:25.511710"
571,Hurts,"Wonderful Life","2018-11-21 19:10:24.796152"
572,"Neno Belan","Suncan Dan","2018-11-21 19:06:53.092009"
573,Faraoni,"Ne Bom Pozabil Na Stare Case","2018-11-21 19:02:50.370630"
574,"Dexys Midnight Runners","Come On Eileen","2018-11-21 19:00:19.873155"
575,"Portugal The Man","Feel It Still","2018-11-21 19:00:19.871833"
576,"Guns N' Roses","November Rain","2018-11-21 18:48:18.019021"
577,"Shawn Mendes",Stiches,"2018-11-21 18:45:17.546128"
578,Manuella,"Blue And Red","2018-11-21 18:40:16.559064"
579,"Laura Branigan",Gloria,"2018-11-21 18:36:45.992965"
580,Rihanna,"We Found Love","2018-11-21 18:33:15.462539"
581,"Whitney Houston","I Wanna Dance With Sombody (Who Loves Me)","2018-11-21 18:29:44.870335"
582,"Maria Mckee","Show Me Heaven","2018-11-21 18:29:44.869758"
583,"Matt Simons","Catch & Release","2018-11-21 18:19:41.970417"
584,"Gina G.","Just A Little Bit","2018-11-21 18:16:11.346304"
585,Avtomobili,"Pot Domov","2018-11-21 18:12:10.549542"
586,"Kelly Clarkson",Breakaway,"2018-11-21 18:08:09.814987"
587,Supertramp,"The Logical Song","2018-11-21 18:05:39.401929"
588,"No Mercy","When I Die","2018-11-21 18:02:38.888679"
589,"Imagine Dragons",Thunder,"2018-11-21 18:02:38.886678"
590,Tangels,"Life Goes Up","2018-11-21 17:51:06.995655"
591,"Vlado Kreslin","Z Gorickega V Piran","2018-11-21 17:47:06.376750"
592,"Nina Pušlar","To Mi Je Všec","2018-11-21 17:43:35.736888"
593,"Pop Design","Poklici Me Nocoj","2018-11-21 17:40:05.081292"
594,California,"1000 Kilometrov","2018-11-21 17:36:34.387787"
595,"Challe Salle",Lagano,"2018-11-21 17:33:03.590482"
596,"Amy Winehouse Feat. Mark Ronson",Valerie,"2018-11-21 17:32:03.326873"
597,Alexia,"Uh La La La","2018-11-21 17:19:01.090902"
598,"Bruce Springsteen","Dancing In The Dark","2018-11-21 17:19:01.089620"
599,"Lost Frequencies",Reality,"2018-11-21 17:13:58.764230"
600,"Celine Dion","The Power Of Love","2018-11-21 17:12:58.627718"
601,"Challe Salle Erik",Letim,"2018-11-21 17:06:57.794504"
602,"Sixpence None The Richer","There She Goes","2018-11-21 17:02:26.512999"
603,"Kim Wilde","You Keep Me Hangin On","2018-11-21 17:01:56.441755"
604,"Tina Turner","I Don't Wanna Fight","2018-11-21 16:47:54.149380"
605,"Johnny Logan","Hold Me Now","2018-11-21 16:44:23.459701"
606,"Lady Ga Ga",Paparazzi,"2018-11-21 16:39:22.773846"
607,"The Rolling Stones","I Cant Get No Satisfaction","2018-11-21 16:35:22.155906"
608,"Žan Sercic & Gaja Prestor",Nazaj,"2018-11-21 16:32:21.652885"
609,Haddaway,"What Is Love","2018-11-21 16:31:21.500933"
610,"Pink Nate Ruess","Just Give Me A Reason","2018-11-21 16:19:17.739650"
611,"Led Zeppelin","Stairway To Heaven","2018-11-21 16:15:16.831724"
612,"Phil Collins","Can't Stop Loving You","2018-11-21 16:11:46.137887"
613,"Eddy Grant","I Don't Wanna Dance","2018-11-21 16:11:46.134757"
614,"Green Day","American Idiot","2018-11-21 16:10:15.821219"
615,"Ariana Grande","No Tears Left To Cry","2018-11-21 16:07:15.137291"
616,"Lighthouse Family","I Wish I Knew How It Would Feel To Be Free","2018-11-21 16:04:13.557087"
617,"Depeche Mode","Just Can't Get Enough","2018-11-21 16:01:43.113188"
618,"The Lumineers","Ho Hey","2018-11-21 16:00:42.954248"
619,"Backstreet Boys","I Want It That Way","2018-11-21 15:47:39.674409"
620,"Jess Glynne","Take Me Home","2018-11-21 15:47:39.671911"
621,Queen,"Crazy Little Thing Called Love","2018-11-21 15:44:39.200649"
622,"The Rolling Stones","Harlem Shuffle","2018-11-21 15:39:07.273398"
623,"Michael Jackson","The Way You Make Me Feel","2018-11-21 15:34:36.574179"
624,"Robin S","Show Me Love","2018-11-21 15:30:35.922194"
625,Sia,"Never Give Up","2018-11-21 15:29:35.763836"
626,"Parni Valjak","Jesen U Meni","2018-11-21 15:18:33.992061"
627,"Sam Smith","Stay With Me","2018-11-21 15:18:03.914721"
628,"Rod Stewart","Have I Told You Lately","2018-11-21 15:16:03.603827"
629,"Enrique Iglesias","The Rhythm Divine","2018-11-21 15:14:03.239620"
630,Neisha,"Mas Se Kje Cas","2018-11-21 15:10:32.694528"
631,"Rose Laurens",Africa,"2018-11-21 15:07:02.120617"
632,"Clean Bandit Feat. Demi Lovato",Solo,"2018-11-21 15:03:01.402085"
633,"Jon Secada","Just Another Day","2018-11-21 15:02:31.313313"
634,"Ed Sheeran","Galway Girl","2018-11-21 14:49:58.211246"
635,"Eros Ramazzotti","Se Bastasse Una Canzone","2018-11-21 14:45:27.521009"
636,"Gianna Nannini","Bello E Impossibile","2018-11-21 14:38:56.529842"
637,"Spin Doctors","Two Princess","2018-11-21 14:34:55.934061"
638,"Stevie Wonder","Part Time Lover","2018-11-21 14:30:55.244311"
639,Sonique,"It Feels So Good","2018-11-21 14:29:55.102972"
640,"Ten Sharp",You,"2018-11-21 14:21:23.672801"
641,"Clean Bandit Ft. Sean Paul & Anne-Marie",Rockabye,"2018-11-21 14:21:23.670524"
642,Dido,"Thank You","2018-11-21 12:25:08.248211"
643,"Kylie Minogue & Jason Donovan","Especially For You","2018-11-21 12:19:19.224582"
644,"Years & Years",Shine,"2018-11-21 12:13:20.651986"
645,"Leann Rimes","Can't Fight The Moonlight","2018-11-21 12:08:50.047199"
646,"Savage Garden","I Want You","2018-11-21 12:05:19.518179"
647,"Jonas Blue",Rise,"2018-11-21 12:00:48.885852"
648,"Paul Young","Come Back And Stay","2018-11-21 12:00:48.884774"
649,"Shania Twain",Ka-Ching!,"2018-11-21 11:48:17.116765"
650,"Nina Pušlar","Za Vedno","2018-11-21 11:44:16.545419"
651,Baltimora,"Tarzan Boy","2018-11-21 11:40:45.994740"
652,"Chesney Hawkes","The One And Only","2018-11-21 11:37:45.570516"
653,Klingande,Jubel,"2018-11-21 11:34:15.003602"
654,"Bee Gees",Alone,"2018-11-21 11:28:14.286317"
655,"Johnny Hates Jazz","Turn Back The Clock","2018-11-21 11:21:13.316489"
656,Cher,"The Shoop Shoop Song (It's In His Kiss)","2018-11-21 11:18:42.931530"
657,"Sarah Connor","From Zero To Hero","2018-11-21 11:18:42.930514"
658,Beyonce,Irreplaceable,"2018-11-21 11:11:11.627068"
659,"James Blunt","You'Re Beautiful","2018-11-21 11:10:41.560902"
660,"Tony Cetinski","Covjek Od Leda","2018-11-21 11:06:41.048193"
661,"Tiesto & Dzeko Feat. Preme & Post Malone","Jackie Chan","2018-11-21 11:01:40.432946"
662,"Billy Joel","My Life","2018-11-21 11:01:40.432172"
663,Madonna,"Like A Prayer","2018-11-21 10:49:38.751188"
664,"Jimmy Cliff","I Can See Clearly Now","2018-11-21 10:46:08.226749"
665,Shakira,"Whenever Wherever","2018-11-21 10:42:37.788106"
666,Magic,Rude,"2018-11-21 10:38:36.253534"
667,"Kc & The Sunshine Band","Give It Up","2018-11-21 10:35:05.748962"
668,Roxette,"Listen To Your Heart","2018-11-21 10:34:35.624496"
669,Pink,"Just Like A Pill","2018-11-21 10:22:02.980801"
670,"Murat & Jose","Od Ljudi Za Ljudi","2018-11-21 10:17:02.391835"
671,"Michael Jackson","Billie Jean","2018-11-21 10:13:01.816219"
672,"Puff Dady","I'll Be Missing You","2018-11-21 10:09:31.425322"
673,"Dua Lipa","New Rules","2018-11-21 10:05:30.945291"
674,Yes,"Owner Of A Lonely Heart","2018-11-21 10:01:00.426552"
675,"Inner Circle","Sweat (A La La La Long)","2018-11-21 10:01:00.424945"
676,Smokie,"Lay Back In The Arms Of Someone","2018-11-21 09:46:58.677832"
677,"Tal Bachman","She's So High","2018-11-21 09:43:58.207350"
678,Kingston,"Cela Ulica Nori","2018-11-21 09:39:57.630786"
679,Avicii,"Wake Me Up","2018-11-21 09:39:57.629760"
680,Alphaville,"Sounds Like A Melody","2018-11-21 09:31:56.432145"
681,"Bryan Adams Rod Stewart Sting","All For Love","2018-11-21 09:30:56.233964"
682,Sabrina,Boys,"2018-11-21 09:17:24.393666"
683,"Ed Sheeran","Shape Of You","2018-11-21 09:13:23.893679"
684,Dmp,Astronavt,"2018-11-21 09:10:23.532197"
685,"Belinda Carlisle","Circle In The Sand","2018-11-21 09:07:23.188038"
686,"Bebe Rexha Florida Georgia Line","Meant To Be","2018-11-21 09:03:22.750481"
687,"Dj Bobo",Everybody,"2018-11-21 09:02:52.669985"
688,"Iggy Pop Feat. Kate Pierson",Candy,"2018-11-21 08:48:19.799019"
689,"Bruce Springsteen","Born In The Usa","2018-11-21 08:45:19.477207"
690,"Capital Cities","Safe And Sound","2018-11-21 08:41:18.996899"
691,"Dr. Alban","It's My Life","2018-11-21 08:36:47.350291"
692,"Eric Carmen","Hungry Eyes","2018-11-21 08:32:46.790727"
693,Milow,"Ayo Technology","2018-11-21 08:32:16.732445"
694,"Luis Fonsi Demi Lovato","Echame La Culpa","2018-11-21 08:17:42.699774"
695,"Paula Abdul","Straight Up","2018-11-21 08:14:12.252078"
696,"Jan Plestenjak","Jaz Že Vem Zakaj","2018-11-21 08:11:11.904153"
697,"Jennifer Lopez","Let`s Get Loud","2018-11-21 08:03:41.019443"
698,Tiffany,"I Think We'Re Alone Now","2018-11-21 08:02:40.882435"
699,"Robert Palmer Ub40","I'll Be Your Baby Tonight","2018-11-21 07:49:09.215018"
700,"Tina Turner","I Don't Wanna Lose You","2018-11-21 07:45:38.811100"
701,"Bryan Adams","Have You Ever Really Loved A Woman","2018-11-21 07:42:38.418812"
702,"Leteci Potepuhi","Ko Ti Vse Narobe Gre","2018-11-21 07:38:07.908261"
703,Omi,Cheerleader,"2018-11-21 07:34:37.500637"
704,"Fleetwood Mac","Little Lies","2018-11-21 07:33:07.331355"
705,Seal,Crazy,"2018-11-21 07:19:05.733079"
706,"John Waite","Missing You","2018-11-21 07:16:05.318311"
707,"Challe Salle",Legenda,"2018-11-21 07:12:34.896120"
708,"Cnco Little Mix","Reggaeton Lento","2018-11-21 07:09:04.432021"
709,"Boris Novkovic","U Dobru I Zlu","2018-11-21 07:04:33.836115"
710,Queen,"I Want It All","2018-11-21 07:01:03.379355"
711,"Bon Jovi","It's My Life","2018-11-21 07:00:33.319394"
712,"Bruno Mars",Treasure,"2018-11-21 05:51:07.685340"
713,"Village People",Ymca,"2018-11-21 05:46:37.116680"
714,"Bonnie Tyler","Total Eclipse Of The Heart","2018-11-21 05:43:36.743611"
715,Roxette,"How Do You Do","2018-11-21 05:40:36.360921"
716,Bql,Ptica,"2018-11-21 05:36:35.850488"
717,"Mariah Carey",Hero,"2018-11-21 05:32:35.321335"
718,"Pet Shop Boys","Always On My Mind","2018-11-21 05:28:34.822035"
719,"Cazzafura Feat. Senidah","Men Vse","2018-11-21 05:27:34.661838"
720,"Rod Stewart","Rhythm Of My Heart","2018-11-21 05:27:34.652906"
721,Pink,"What About Us","2018-11-21 03:26:38.290585"
722,"Shakespear's Sisters",Stay,"2018-11-21 03:22:57.221044"
723,"Rok'N'Band","Rad Jo Imam","2018-11-21 03:17:56.555333"
724,"Scissor Sisters","I Don't Feel Like Dancin'","2018-11-21 03:12:55.857413"
725,Siddharta,Medrevesa,"2018-11-21 03:08:55.342949"
726,"Glenn Medeiros","Nothings Gonna Change My Love","2018-11-21 03:05:24.906306"
727,"Jan Plestenjak","Smeh In Solze","2018-11-21 03:02:24.500695"
728,"Charlie Puth","How Long","2018-11-21 02:58:54.044529"
729,Bilbi,"Hvala Za Vijolice","2018-11-21 02:55:22.609600"
730,"Ed Sheeran",Photograph,"2018-11-21 02:53:52.096828"
731,Magnifico,Silvia,"2018-11-21 02:53:52.091436"
732,"Culture Beat","Mr. Vain","2018-11-21 00:51:18.194661"
733,"Big Foot Mama","Crn Tulipan","2018-11-21 00:48:47.868446"
734,"Spandau Ballet",Gold,"2018-11-21 00:44:47.369302"
735,"Gu Gu","Želim Si Na Jamajko","2018-11-21 00:41:16.930097"
736,"Vanessa Carlton","A Thousand Miles","2018-11-21 00:38:16.558946"
737,Tabu,Tabu,"2018-11-21 00:34:15.969422"
738,"Bryan Adams","Please Forgive Me","2018-11-21 00:30:44.985989"
739,"Jan Plestenjak Challe Salle","Velik Je Ta Svet","2018-11-21 00:26:44.425901"
740,Victory,"Zelena Dezela","2018-11-21 00:22:43.902468"
741,"Da Phenomena",Pejdap,"2018-11-21 00:19:13.436585"
742,Sasha,Vrtnar,"2018-11-21 00:15:42.595552"
743,"Maksine Vrecko","Nocem Besed","2018-11-21 00:12:42.205368"
744,Cuki,Sonce,"2018-11-21 00:08:41.636753"
745,"Drustvo Mrtvih Pesnikov","Cutim Te","2018-11-21 00:05:05.250143"
746,"Sweet Peak Ina Shai",Grafit,"2018-11-21 00:01:34.788954"
747,Mi2,"Samo Tebe Te Imam","2018-11-20 23:58:04.311819"
748,California,"Ledena Ptica","2018-11-20 23:53:03.678933"
749,"Martin Krpan","Še Je Cas","2018-11-20 23:50:03.287669"
750,Bql,"Heart Of Gold","2018-11-20 23:47:32.942383"
751,"Katarina Mala","Ciao Ciao","2018-11-20 23:44:02.461488"
752,"Omar Naber","Omar Ti Teslo","2018-11-20 23:40:01.956186"
753,"Nina Pušlar","To Mi Je Všec","2018-11-20 23:38:31.752451"
754,Faraoni,"Sem Takšen Ker Sem Živ","2018-11-20 23:38:31.751335"
755,Nino,"Moja Moja","2018-11-20 22:36:05.773364"
756,"Kylie Minogue","I Should Be So Lucky","2018-11-20 22:35:34.349036"
757,"Geri Halliwell","It's Raining Men","2018-11-20 22:28:06.037066"
758,"Phil Collins","Against All Odds","2018-11-20 22:25:05.592191"
759,"The Common Linnets","Calm After The Storm","2018-11-20 22:21:35.122256"
760,"Zoran Predin","Zadnja Vecerja","2018-11-20 22:17:34.373173"
761,"Dire Straits","Walk Of Life","2018-11-20 22:15:04.029573"
762,Nude,"Šiz The Best","2018-11-20 22:11:03.466438"
763,"Sophie Ellis Bextor","Murder On The Dance Floor","2018-11-20 22:07:32.965710"
764,Connells,"74 75","2018-11-20 22:05:02.606085"
765,"Vlado Kreslin","Tvoje Jutro","2018-11-20 22:01:02.055865"
766,"Harry Styles","Sign Of Times","2018-11-20 21:57:01.492979"
767,"Marvin Gaye","Sexual Healing","2018-11-20 21:54:01.075300"
768,Sokoli,"Greva Punca V Juzne Kraje","2018-11-20 21:50:30.621560"
769,"Shakira Carlos Santana",Illegal,"2018-11-20 21:47:00.159596"
770,"Paul Simon","You Can Call Me Al","2018-11-20 21:42:29.603722"
771,"Justin Timberlake Chris Stapleton","Say Something","2018-11-20 21:38:59.193100"
772,"Juice Newton","Queen Of Hearts","2018-11-20 21:36:27.770543"
773,"David Domjanic Alex Volasko Samo Kozar","Ta Obcutek","2018-11-20 21:33:27.424150"
774,"Soul Asylum","Runaway Train","2018-11-20 21:28:56.866071"
775,Roxette,"Spending My Time","2018-11-20 21:24:56.377334"
776,Queen,"Heaven For Everyone","2018-11-20 21:21:25.969760"
777,Aerosmith,"I Don't Want To Miss A Thing","2018-11-20 21:17:55.577059"
778,"Lene Marlin","Sitting Down Here","2018-11-20 21:14:55.227109"
779,"Mr Big","To Be With You","2018-11-20 21:10:54.779528"
780,"Curtis Stigers","I Wonder Why","2018-11-20 21:06:54.315351"
781,Cher,Believe,"2018-11-20 21:05:24.073956"
782,"Celine Dion","Because You Loved Me","2018-11-20 21:05:24.072933"
783,"Bijelo Dugme","Hajdemo U Planine","2018-11-20 20:52:57.349192"
784,"Bruce Springsteen","Streets Of Philadelphia","2018-11-20 20:48:56.165631"
785,Tabu,Angel,"2018-11-20 20:45:25.141148"
786,"Billy Ocean",Loverboy,"2018-11-20 20:43:24.554498"
787,"Lost Frequencies","Are You With Me","2018-11-20 20:39:53.557466"
788,"Eric Clapton","Wonderful Tonight","2018-11-20 20:36:22.944913"
789,"Take That","How Deep Is Your Love","2018-11-20 20:33:22.560862"
790,"Challe Salle Erik",Letim,"2018-11-20 20:32:52.492114"
791,"Irene Cara",Flashdance,"2018-11-20 20:25:51.596884"
792,"Alannah Myles","Black Velvet","2018-11-20 20:25:51.596302"
793,"Meghan Trainor John Legend","Like I'm Gonna Lose You","2018-11-20 19:52:23.205904"
794,"Eva Boto",Tvoja,"2018-11-20 19:48:22.649334"
795,Toto,Rosanna,"2018-11-20 19:45:22.246497"
796,Triggerfinger,"I Follow Rivers","2018-11-20 19:41:21.697167"
797,"Pink Floyd","Another Brick In The Wall","2018-11-20 19:37:51.249142"
798,Clouseau,"Close Encounters","2018-11-20 19:33:50.723935"
799,"Michael Sembello",Maniac,"2018-11-20 19:33:50.723139"
800,"Adam Lambert","Ghost Town","2018-11-20 19:25:19.674554"
801,"Pliš",Metulji,"2018-11-20 19:21:19.155241"
802,Rembrandts,"Just The Way It Is Baby","2018-11-20 19:17:48.784439"
803,"Michael Jackson","I Just Can't Stop Loving You","2018-11-20 19:14:18.394067"
804,"Rod Stewart","I Don't Want To Talk About It","2018-11-20 19:10:48.018756"
805,Juanes,"Volverte A Ver","2018-11-20 19:06:17.510441"
806,"Lighthouse Family",Free,"2018-11-20 19:02:47.108648"
807,Pink,"Beautiful Trauma","2018-11-20 19:02:47.108134"
808,"Oliver Dragojevic","Vjeruj U Ljubav","2018-11-20 18:51:44.816009"
809,"John Legend","All Of Me","2018-11-20 18:48:14.339994"
810,"Maja Keuc","Naredi Srce","2018-11-20 18:44:42.934261"
811,Madonna,"You'll See","2018-11-20 18:39:42.336431"
812,"Eros Ramazzotti","Un Emozione Per Sempre","2018-11-20 18:36:10.895438"
813,Sandra,"Everlasting Love","2018-11-20 18:33:10.543197"
814,"Bryan Adams","Cloud Number Nine","2018-11-20 18:33:10.540090"
815,"The Cranberries",Linger,"2018-11-20 18:23:39.443085"
816,"Jan Plestenjak","Stara Dobra","2018-11-20 18:20:39.104094"
817,"Vaya Con Dios","Nah Neh Nah","2018-11-20 18:18:38.873926"
818,"George Michael",Faith,"2018-11-20 18:14:38.405061"
819,"Alice Merton","No Roots","2018-11-20 18:10:37.950075"
820,Roxette,Joyride,"2018-11-20 18:06:37.482914"
821,Killers,Human,"2018-11-20 18:02:06.950219"
822,"Status Quo","In The Army Now","2018-11-20 18:01:36.889849"
823,"Jessica Folcker","How Will I Know Who You Are","2018-11-20 17:51:04.611875"
824,Kantor,"Ljubezen Iz Šolskih Dni","2018-11-20 17:48:04.262375"
825,Neisha,"Zaradi Upanja","2018-11-20 17:44:03.815688"
826,"Nika Zorjan Jonatan Haller",Luna,"2018-11-20 17:40:33.386526"
827,"Andet Akvepop",Za2,"2018-11-20 17:37:32.029841"
828,"1x Band","Tih Deževen Dan","2018-11-20 17:34:01.618227"
829,"Lea Likar","Vsi Vedo","2018-11-20 17:30:01.133969"
830,"Patrick Swayze","She's Like The Wind","2018-11-20 17:29:01.016336"
831,"Big Mountain","Baby I Love Your Way","2018-11-20 17:17:28.686469"
832,Abba,"The Winner Takes It All","2018-11-20 17:13:58.314177"
833,"Alvaro Soler",Sofia,"2018-11-20 17:12:58.198059"
834,Corrs,"What Can I Do","2018-11-20 17:05:57.420478"
835,"Shakin' Stevens","You Drive Me Crazy","2018-11-20 17:01:26.883506"
836,"One Republic",Secrets,"2018-11-20 17:00:56.826566"
837,"Shania Twain","That Don't Impress Me Much","2018-11-20 16:46:54.811019"
838,Bangles,"Manic Monday","2018-11-20 16:43:24.381121"
839,"George Michael Queen","Somebody To Love","2018-11-20 16:36:53.607530"
840,"Bon Jovi","Livin On A Prayer","2018-11-20 16:33:23.202940"
841,Shakira,"Don't Bother","2018-11-20 16:30:22.853598"
842,Inxs,"Beautiful Girl","2018-11-20 16:29:22.734041"
843,"Elton John","I'm Still Standing","2018-11-20 16:16:51.286237"
844,"Gušti Polona Kasal","Vedno Zame","2018-11-20 16:12:50.752283"
845,Texas,"Summer Son","2018-11-20 16:09:20.344292"
846,Nena,"99 Luft Ballons","2018-11-20 16:05:19.891815"
847,"Kygo Miguel","Remind Me To Forget","2018-11-20 16:01:49.491788"
848,"Deep Blue Something","Breakfast At Tiffanys","2018-11-20 16:01:19.433802"
849,Heart,"All I Wanna Do Is Make Love To You","2018-11-20 15:47:46.865983"
850,"Steve Miller Band","The Joker","2018-11-20 15:44:16.448639"
851,"Shawn Mendes","Treat You Better","2018-11-20 15:41:16.119037"
852,"All 4 One","I Swear","2018-11-20 15:37:45.723376"
853,"Rick Astley","Never Gonna Give You Up","2018-11-20 15:33:15.249597"
854,"Mel C","First Day Of My Life","2018-11-20 15:32:45.205761"
855,"Joe Cocker","Summer In The City","2018-11-20 15:20:42.811352"
856,"Dead Or Alive","You Spin Me Round","2018-11-20 15:16:42.374148"
857,Tabu,"Pesek In Dotik","2018-11-20 15:11:11.782086"
858,"Duft Punk Pharrel Williams","Get Lucky","2018-11-20 15:08:11.448149"
859,Cher,"Love And Understanding","2018-11-20 15:03:40.949385"
860,"Fergal Sharkey","A Good Heart","2018-11-20 15:03:10.892908"
861,"Maroon 5 Christina Aguilera","Moves Like Jagger","2018-11-20 14:49:38.272826"
862,Djavoli,Ivona,"2018-11-20 14:46:37.932567"
863,"Cutting Crew","(I Just) Died In Your Arms","2018-11-20 14:43:37.150044"
864,"Jonas Blue William Singe",Mama,"2018-11-20 14:38:36.615655"
865,"Eternal & Bebe Winans","I Wanna Be The Only One","2018-11-20 14:34:36.101849"
866,"Doobie Brothers","Listen To The Music","2018-11-20 14:31:05.664384"
867,"Sara Lamprecnik","Ti In Vesolje","2018-11-20 14:30:05.485105"
868,Chumbawamba,Tubthumping,"2018-11-20 14:19:03.916301"
869,Queen,"A Kind Of Magic","2018-11-20 14:15:03.427086"
870,Dnce,"Cake By The Ocean","2018-11-20 14:11:02.986978"
871,Madonna,Frozen,"2018-11-20 14:07:02.476845"
872,"David Bowie","Let's Dance","2018-11-20 14:03:01.742465"
873,"Elie Goulding",Lights,"2018-11-20 14:02:31.683394\"
874,"Bryan Ferry","Let's Stick Together","2018-11-20 13:50:00.249067"
875,Snap,"Rhythm Is A Dancer","2018-11-20 13:46:29.882518"
876,"X Ambassadors",Renegades,"2018-11-20 13:41:59.361792"
877,"Pointer Sisters",Jump,"2018-11-20 13:38:59.040635"
878,"Nina Pušlar","Ni Ona","2018-11-20 13:34:58.571468"
879,"Jimmy Somerville","To Love Somebody","2018-11-20 13:30:58.115405"
880,"Nelly Furtado","I'm Like A Bird","2018-11-20 13:29:58.000380"
881,"Michael Jackson","You Are Not Alone","2018-11-20 13:18:56.848977"
882,Lp,"Lost On You","2018-11-20 13:14:56.367975"
883,U2,One,"2018-11-20 13:12:26.106876"
884,"Richard Marx",Hazard,"2018-11-20 13:08:25.674384"
885,"John Paul Young","Love Is In The Air","2018-11-20 13:04:55.283404"
886,"Tom Walker","Leave A Light On","2018-11-20 13:01:54.942474"
887,"Kim Wilde","You Came","2018-11-20 13:01:24.877044"
888,"Celine Dion","My Heart Will Go On","2018-11-20 12:47:52.202247"
889,"Plavi Orkestar","Kad Ti Ljubav Ime Prozove","2018-11-20 12:44:51.857215"
890,"Tina Turner","The Best","2018-11-20 12:41:21.466967"
891,Sia,Chandelier,"2018-11-20 12:38:21.133037"
892,"Faith No More","I'm Easy","2018-11-20 12:35:20.805082"
893,"Frankie Goes To Hollywood",Relax,"2018-11-20 12:34:50.755251"
894,Anastacia,"Left Outside Alone","2018-11-20 12:31:19.211425"
895,"Liam Payne Rita Ora","For You","2018-11-20 12:23:18.289961"
896,"Red Hot Chili Peppers","Under The Bridge","2018-11-20 12:16:17.285174"
897,S.I.T.,Vroce,"2018-11-20 12:12:16.571974"
898,"Jasper Isley","Caravan Of Love","2018-11-20 12:08:16.136403"
899,Bajaga,"220 U Voltima","2018-11-20 12:04:15.656887"
900,"Annie Lennox","Walking On Broken Glass","2018-11-20 12:00:13.781069"
901,"Bruno Mars","Locked Out Of Heaven","2018-11-20 11:59:43.709658"
902,"Cnco Little Mix","Reggaeton Lento","2018-11-20 11:47:41.112810"
903,"Enrique Iglesias Whitney Houston","Could I Have This Kiss Forever","2018-11-20 11:44:40.727074"
904,"Robbie Williams Nicole Kidman","Somethin' Stupid","2018-11-20 11:40:40.275731"
905,Martika,"Toy Soldiers","2018-11-20 11:37:09.849817"
906,"Kelly Clarkson","Heartbeat Song","2018-11-20 11:33:09.317668"
907,Roxette,Dangerous,"2018-11-20 11:30:08.955592"
908,"Eros Ramazzotti","Adesso Tu","2018-11-20 11:29:38.898759"
909,California,"Stara Barka","2018-11-20 11:18:37.686385"
910,"Tom Petty & The Heartbreakers","Free Falling","2018-11-20 11:18:37.685740"
911,"Holly Johnson",Americanos,"2018-11-20 11:12:07.004944"
912,"Gipsy Kings",Volare,"2018-11-20 11:07:05.454489"
913,"Ed Sheeran",Happier,"2018-11-20 11:03:04.976834"
914,"No Mercy","Where Do You Go","2018-11-20 11:03:04.976326"
915,Europe,"The Final Countdown","2018-11-20 10:48:03.213369"
916,Zucchero,"Baila (Sexy Thing)","2018-11-20 10:44:01.451622"
917,Hanson,"Mmm Bop","2018-11-20 10:40:31.013979"
918,Avtomobili,"Gospodar Tvojega Srca","2018-11-20 10:34:59.976926"
919,"Mike & The Mechanics","The Living Years","2018-11-20 10:31:59.618838"
920,"Portugal The Man","Feel It Still","2018-11-20 10:31:29.560221"
921,Sting,"Fields Of Gold","2018-11-20 10:19:58.085614"
922,Ub40,"Higher Ground","2018-11-20 10:16:27.596234"
923,Sigma,"Nobody To Love","2018-11-20 10:12:57.178768"
924,"James Blunt","Carry You Home","2018-11-20 10:10:26.898324"
925,Boyzone,Words,"2018-11-20 10:06:56.483851"
926,"Tiesto & Dzeko Feat. Preme & Post Malone","Jackie Chan","2018-11-20 10:02:25.936566"
927,"Bon Jovi","You Give Love A Bad Name","2018-11-20 10:02:25.934851"
928,Santana,Smooth,"2018-11-20 09:48:53.285641"
929,"Parni Valjak","Uhvati Ritam","2018-11-20 09:44:52.776338"
930,"Daniel Powter","Bad Day","2018-11-20 09:44:52.775244"
931,"Sophie B. Hawkins","Right Beside You","2018-11-20 09:37:20.559639"
932,"David Guetta Sia",Flames,"2018-11-20 09:34:20.211414"
933,"The Rolling Stones","Start Me Up","2018-11-20 09:34:05.795343"
935,"Eros Ramazzotti","Un Emozione Per Sempre;2018-11-26 10:04:11.418560","2018-11-26 10:04:11.418577"
1115,Agnes,"Release Me","2018-11-26 11:19:32.980840"
1116,Prince,"The Most Beautiful Girl The World","2018-11-26 11:19:32.985138"
1117,"Unknown Artist","Ed Sheran Photograph Teaser","2018-11-26 11:26:34.142668"
1118,Fugees,"Killing Me Softly","2018-11-26 11:26:34.146235"
1119,"Ed Sheeran",Photograph,"2018-11-26 11:32:07.028941"
1120,"Bruce Springsteen","I'm On Fire","2018-11-26 11:35:37.709768"
1121,"Nika Zorjan Jonatan Haller",Luna,"2018-11-26 11:39:38.896041"
1122,"Take That","How Deep Is Your Love","2018-11-26 11:41:39.194880"
1123,"Lady Gaga","The Edge Of Glory","2018-11-26 11:45:11.224565"
1124,"Wilson Phillips","Hold On","2018-11-26 11:48:11.784734"
1125,"Andru Donalds","All Out Of Love","2018-11-26 12:00:19.335821"
1126,"Kim Wilde","Four Letter Word","2018-11-26 12:00:19.341684"
1127,"David Guetta Sia",Flames,"2018-11-26 12:03:50.004201"
1128,"Lighthouse Family",Free,"2018-11-26 12:07:20.517693"
1129,"Fleetwood Mac","Little Lies","2018-11-26 12:10:52.479335"
1130,Magnifico,"Technique Magnifique","2018-11-26 12:15:23.145867"
1131,"One Republic",Secrets,"2018-11-26 12:18:53.702445"
1132,Pretenders,"Back On The Chain Gang","2018-11-26 12:28:55.328640"
1133,"Deep Blue Something","Breakfast At Tiffanys","2018-11-26 12:29:55.501910"
1134,"Mark Ronson Bruno Mars","Uptown Funk","2018-11-26 12:33:56.112332"
1135,"Rod Stewart","I Don't Want To Talk About It","2018-11-26 12:37:26.669003"
1136,Modjo,"Lady (Hear Me Tonight)","2018-11-26 12:41:58.658532"
1137,Connells,"74 75","2018-11-26 12:45:29.225833"
1138,"Richard Marx","Right Here Waiting","2018-11-26 12:48:29.709614"
1139,"Tina Turner","Better Be Good To Me","2018-11-26 13:01:32.143457"
1140,"Elie Goulding",Lights,"2018-11-26 13:01:32.146758"
1141,Rem,"Man On The Moon","2018-11-26 13:06:33.184159"
1142,"Wham George Michael","Wake Me Up Before You Go Go","2018-11-26 13:09:33.674473"
1143,"Sweet Peak Ina Shai",Grafit,"2018-11-26 13:12:34.332485"
1144,"Geri Halliwell","It's Raining Men","2018-11-26 13:17:35.101178"
1145,"Jonas Blue",Rise,"2018-11-27 07:08:54.190395"
1146,"Billy Joel","Uptown Girl","2018-11-27 07:08:54.194471"
1147,"Spice Girls","Viva Forever","2020-05-12 00:34:14.637734"
1148,"No Angels","Still In Love With You","2020-05-12 00:37:46.447235"
1149,"Jason Donovan","Too Many Broken Hearts","2020-05-12 00:40:47.260659"
1150,Cher,"Just Like Jesse James","2020-05-12 00:43:48.071616"
1151,"Marshmello & Chvrches","Here With Me","2020-05-12 00:47:49.117180"
1152,"Culture Beat","Mr. Vain","2020-05-12 00:50:49.896074"
1153,"Bon Jovi","In These Arms","2020-05-12 00:54:50.947986"
1154,"Richard Marx",Hazard,"2020-05-12 00:57:51.696161"
1155,Alphaville,"Forever Young","2020-05-12 01:00:52.520503"
1156,"Lady Ga Ga",Paparazzi,"2020-05-12 01:04:53.459824"
1157,Madonna,"American Pie","2020-05-12 01:08:54.525603"
1158,"Drustvo Mrtvih Pesnikov","Ti Si Vse","2020-05-12 01:13:55.823818"
1159,Double,"The Captain Of Her Heart","2020-05-12 01:18:57.077274"
1160,Passengers,"Let Her Go","2020-05-12 01:22:58.119530"
1161,"2 Unlimited","No Limit","2020-05-12 01:26:59.139999"
1162,September,"Cry For You","2020-05-12 01:31:00.162658"
1163,"Andrea Bocelli + Sarah Brightman","Time To Say Goodbye (Con Te Partiro)","2020-05-12 01:35:01.181644"
1164,U2,"Angel Of Harlem","2020-05-12 01:39:02.178548"
1165,"Charlie Puth","How Long","2020-05-12 01:44:03.470992"
1166,Prince,Cream,"2020-05-12 01:48:04.493466"
1167,"John Waite","Missing You","2020-05-12 01:52:05.503386"
1168,"Justin Timberlake [+] Chris Stapleton","Say Something","2020-05-12 01:56:06.509537"
1169,"Zucchero [+] Paul Young","Senza Una Donna","2020-05-12 02:01:08.328855"
1170,"Avicii Feat. Aloe Blacc",Sos,"2020-05-12 02:05:09.337077"
1171,Sandra,"Everlasting Love","2020-05-12 02:08:10.102005"
1172,"Will To Power","I'm Not In Love","2020-05-12 02:11:10.868703"
1173,"Kim Carnes","Bette Davis Eyes","2020-05-12 02:14:11.673365"
1174,"Ozzy Osbourne",Dreamer,"2020-05-12 02:18:12.684966"
1175,"Wilson Phillips","Hold On","2020-05-12 02:23:14.035970"
1176,"Elton John","Don't Let The Sun Goes Down On Me","2020-05-12 02:26:14.851073"
1177,"Billy Joel & Elton John",Allentown,"2020-05-12 02:32:16.546607"
1178,"Elton John [+] Bryan Adams","Sad Songs (Say So Much)","2020-05-12 02:37:17.767454"
1179,"Mariah Carey",Emotions,"2020-05-12 02:40:18.430906"
1180,"Klara Jazbec","Vse Se Lahko Zgodi","2020-05-12 02:45:19.638310"
1181,"Tom Cochrane","Life Is A Highway","2020-05-12 02:48:20.437986"
1182,Pink,"What About Us","2020-05-12 02:52:21.430751"
1183,"No Mercy","When I Die","2020-05-12 02:56:22.401338"
1184,"Enrique Iglesias","The Rhythm Divine","2020-05-12 02:58:22.938887"
1185,"Chris Rea","The Road To Hell","2020-05-12 03:01:23.681608"
1186,"Jonas Blue Feat. Dakota","Fast Car","2020-05-12 03:06:24.876728"
1187,"Lutricia Mcneal","Someone Loves You Honey","2020-05-12 03:10:25.861091"
1188,"Aleksander Mezek",Julija,"2020-05-12 03:13:26.572343"
1189,"Joan Jett","I Love Rock And Roll","2020-05-12 03:17:27.649454"
1190,"Tiesto & Dzeko Feat. Preme & Post Malone","Jackie Chan","2020-05-12 03:20:28.376205"
1191,"Destiny`s Child",Nonono,"2020-05-12 03:24:29.345826"
1192,"James Bay","If You Ever Want To Be In Love","2020-05-12 03:27:30.129103"
1193,"Bon Jovi",Always,"2020-05-12 03:31:31.131530"
1194,"Stevie Wonder","I Just Called To Say I Love You","2020-05-12 03:35:32.160050"
1195,"Ed Sheeran & Justin Bieber","I Don't Care","2020-05-12 03:39:33.210184"
1196,"Geri Halliwell","Lift Me Up","2020-05-12 03:43:34.333361"
1197,Champaign,"How About Us","2020-05-12 03:48:35.591979"
1198,"Maroon 5 [+] Cardi B","Girls Like You","2020-05-12 03:52:36.670395"
1199,"Bee Gees",Alone,"2020-05-12 03:56:38.194552"
1200,Boyzone,Words,"2020-05-12 03:59:39.008918"
1201,"Tina Turner","I Don't Wanna Lose You","2020-05-12 04:02:39.798178"
1202,"Katy Perry [+] Skip Marley","Chained To The Rhythm","2020-05-12 04:05:40.532008"
1203,"Bruce Springsteen","I'm On Fire","2020-05-12 04:09:41.516635"
1204,Jovanotti,"L'Ombelico Del Mondo","2020-05-12 04:11:41.986055"
1205,"Crowded House","Don't Dream It's Over","2020-05-12 04:16:43.458567"
1206,"James Blunt","Carry You Home","2020-05-12 04:19:44.218269"
1207,"Tears For Fears","Everybody Wants To Rule The World","2020-05-12 04:23:45.252118"
1208,"Dean Lewis","Be Alright","2020-05-12 04:27:46.323357"
1209,"Psihomodo Pop",Frida,"2020-05-12 04:31:47.379987"
1210,Alya,"Srce Za Srce","2020-05-12 04:34:48.203607"
1211,Rednex,"Cotton Eye Joe","2020-05-12 04:38:49.509536"
1212,Imagination,"Just An Illusion","2020-05-12 04:41:50.276330"
1213,"Coolio Feat. L.V.","Gangsta's Paradise","2020-05-12 04:47:51.739313"
1214,Milow,"Ayo Technology","2020-05-12 04:52:52.904876"
1215,"Annie Lennox",Why,"2020-05-12 04:55:53.703837"
1216,"Backstreet Boys","I Want It That Way","2020-05-12 04:58:54.501719"
1217,"Panic! At The Disco","High Hopes","2020-05-12 05:01:55.247035"
1218,"Take That","Back For Good","2020-05-12 05:04:55.942297"
1219,"Martin Krpan","Se Je Cas","2020-05-12 05:08:56.904285"
1220,Modjo,"Lady (Hear Me Tonight)","2020-05-12 05:13:58.071518"
1221,"Roxy Music","Jealous Guy","2020-05-12 05:16:58.862682"
1222,"Diana Ross","Chain Reaction","2020-05-12 05:22:00.153199"
1223,"Celine Dion","The Power Of Love","2020-05-12 05:26:01.240902"
1224,"Cazzafura Feat. Senidah","Men Vse","2020-05-12 05:31:02.806662"
1225,"Cyndi Lauper","She Bop","2020-05-12 05:35:03.856644"
1226,"Ace Of Base","The Sign","2020-05-12 05:38:04.658811"
1227,"Nina Puslar","Svet Je Tvoj","2020-05-12 05:41:05.446663"
1228,"Real Mccoy","Another Night","2020-05-12 05:45:06.376966"
1229,"Bryan Adams",Heaven,"2020-05-12 05:49:07.470521"
1230,"Bellamy Brothers","Let Your Love Flow","2020-05-12 05:53:08.452248"
1231,"Eurythmics [+] Annie Lennox","There Must Be An Angel","2020-05-12 05:59:09.874758"
1232,"Michael Buble","It's A Beautiful Day","2020-05-12 06:04:11.079510"
1233,"Tanja Ribic","Zbudi Se","2020-05-12 06:08:12.051055"
1234,Prizma,Pogum,"2020-05-12 06:11:12.810407"
1235,Starship,"Nothings Gonna Stop Us Now","2020-05-12 06:14:13.552021"
1236,"Selena Gomez","Lose You To Love Me","2020-05-12 06:18:14.581046"
1237,Inxs,"By My Side","2020-05-12 06:22:15.808070"
1238,Shakira,"Whenever Wherever","2020-05-12 06:31:18.137569"
1239,"Inner Circle","Games People Play","2020-05-12 06:34:19.009341"
1240,"Kygo & Whitney Houston","Higher Love","2020-05-12 06:38:20.179619"
1241,"Modern Talking","Cheri Cheri Lady","2020-05-12 06:42:21.242044"
1242,"Rod Stewart","Rhythm Of My Heart","2020-05-12 06:45:21.969861"
1243,"Depeche Mode","Just Can't Get Enough","2020-05-12 06:49:22.944186"
1244,"Calvin Harris & Rag N Bone Man",Giant,"2020-05-12 06:52:23.724562"
1245,"The Cranberries",Linger,"2020-05-12 07:02:26.370944"
1246,"Lewis Capaldi","Before You Go","2020-05-12 07:06:27.432597"
1247,"Bucks Fizz","Making Your Mind Up","2020-05-12 07:10:28.654273"
1248,"The Cure","Friday I'm In Love","2020-05-12 07:12:29.227096"
1249,A-Ha,"The Sun Always Shines On Tv","2020-05-12 07:16:30.212033"
1250,"Atomic Kitten","Whole Again","2020-05-12 07:19:30.964206"
1251,Madonna,"Material Girl","2020-05-12 07:22:31.724001"
1252,"Imagine Dragons",Demons,"2020-05-12 07:32:34.263236"
1253,"Pet Shop Boys","Always On My Mind","2020-05-12 07:35:35.067512"
1254,"Hamo [+] Rudi Bucar","Dolgo Nisva Pila","2020-05-12 07:41:36.593820"
1255,"Marit Larsen","If A Song Could Get Me You","2020-05-12 07:44:37.403846"
1256,"","Vt Ekspres: 2020-05-12 07:11","2020-05-12 07:47:38.165863"
1257,"Lady Gaga","Stupid Love","2020-05-12 07:48:38.439157"
1258,"Lenny Kravitz","Fly Away","2020-05-12 07:51:39.191995"
1259,"Luis Fonsi [+] Demi Lovato","Echame La Culpa","2020-05-12 07:54:40.000278"
1260,Sting,"English Man In New York","2020-05-12 08:02:41.851895"
1261,"David Guetta & Usher","Without You","2020-05-12 08:06:43.056645"
1262,"Lena Meyer Landrut",Satellite,"2020-05-12 08:10:44.135081"
1263,"Neca Falk","Vsi Ljudje Hitijo","2020-05-12 08:12:44.681763"
1264,"Joe Cocker",Tonight,"2020-05-12 08:16:45.745723"
1265,"Bryan Adams","Can't Stop This Thing We Started","2020-05-12 08:20:46.768638"
1266,"Spiller [+] Sophie Ellis Bextor",Groovejet,"2020-05-12 08:30:49.283769"
1267,Cardigans,Lovefool,"2020-05-12 08:34:50.343378"
1268,"Gianna Nannini","Bello E Impossibile","2020-05-12 08:38:51.410440"
1269,"Clean Bandit & Zara Larsson",Symphony,"2020-05-12 08:43:52.691132"
1270,"Eros Ramazzotti","Piu Bella Cosa","2020-05-12 08:47:53.710806"
1271,"Hall & Oates",Maneater,"2020-05-12 08:50:54.526992"
1272,Liquido,Narcotic,"2020-05-12 09:00:57.008784"
1273,"Maroon 5",Memories,"2020-05-12 09:04:58.042288"
1274,"Men At Work","Down Under","2020-05-12 09:07:58.837728"
1275,"Alexander Rybak",Fairytale,"2020-05-12 09:13:00.122614"
1276,"The Rolling Stones","Anybody Seen My Baby","2020-05-12 09:15:00.668632"
1277,"Christina Aguilera",Beautiful,"2020-05-12 09:18:01.644605"
1278,"George Michael",Faith,"2020-05-12 09:22:02.661773"
1279,Rihanna,"We Found Love","2020-05-12 09:32:05.243111"
1280,"Al Corley","Square Rooms","2020-05-12 09:36:06.286456"
1281,"Dj Bobo",Everybody,"2020-05-12 09:39:07.084131"
1282,"Hamo & Tribute 2 Love","Prva Vrsta","2020-05-12 09:45:08.629495"
1283,"Dexys Midnight Runners","Come On Eileen","2020-05-12 09:49:09.664748"
1284,"Ava Max","So Am I","2020-05-12 09:53:10.650180"
1285,"Katrina & The Waves","Walking On Sunshine","2020-05-12 10:00:12.554450"
1286,"David Guetta & Kelly Rowland","When Love Takes Over","2020-05-12 10:05:13.860489"
1287,Nino,"Rabim Te","2020-05-12 10:08:14.604594"
1288,Abba,Waterloo,"2020-05-12 10:12:15.594696"
1289,"Phil Collins","In The Air Tonight","2020-05-12 10:15:16.460209"
1290,"Marshmello & Bastille",Happier,"2020-05-12 10:49:36.480606"
1291,"Vanessa Paradis","Be My Baby","2020-05-12 10:52:51.111432"
1292,Pink,"Beautiful Trauma","2020-05-12 11:01:58.011838"
1293,Enya,"Anywhere Is","2020-05-12 11:06:00.477238"
1294,Nicole,"Ein Bischen Frieden","2020-05-12 11:11:03.770328"
1295,Toto,Africa,"2020-05-12 11:14:06.832128"
1296,"Billy Idol","Dancing With Myself","2020-05-12 11:19:09.087586"
1297,Roxette,Dangerous,"2020-05-12 11:24:13.411402"
1298,"Shakira [+] Freshlyground","Waka Waka (This Time For Africa)","2020-05-12 11:31:17.707588"
1299,Beloved,"Sweet Harmony","2020-05-12 11:34:20.804530"
1300,"Billy Joel","We Didn't Start The Fire","2020-05-12 11:37:22.144618"
1301,"Shania Twain",Ka-Ching!,"2020-05-12 11:41:24.595130"
1302,"Frankie Goes To Hollywood",Relax,"2020-05-12 11:45:28.048203"
1303,"Michael Jackson","Heal The World","2020-05-12 11:47:29.366535"
1304,"Duke Dumont","Ocean Drive","2020-05-12 11:52:33.797245"
1305,Ub40,"I Got You Babe","2020-05-12 12:01:38.526942"
1306,"Daniel Powter","Bad Day","2020-05-12 12:04:40.992259"
1307,"Toto Cutugno",Insieme,"2020-05-12 12:08:44.004057"
1308,"Vili Resnik","Naj Bogovi SliĹĄijo","2020-05-12 12:12:46.360243"
1309,"T'Pau","China In Your Hand","2020-05-12 12:15:47.728375"
1310,"Harry Styles","Adore You","2020-05-12 12:19:50.151996"
1311,Scarlet,"Independent Love Song","2020-05-12 12:23:52.283736"
1312,"Scissor Sisters","I Don't Feel Like Dancin'","2020-05-12 12:30:58.684574"
1313,Zucchero,"My Love","2020-05-12 12:36:01.307825"
1314,"Georgio Moroder","Together In Electric Dreams","2020-05-12 12:39:04.226981"
1315,"David Guetta [+] Sia",Flames,"2020-05-12 12:43:06.856138"
1316,Queen,"The Show Must Go On","2020-05-12 12:46:08.344734"
1317,"Huey Lewis & The News","Power Of Love","2020-05-12 12:50:11.276086"
1318,"Billie Eilish","Bad Guy","2020-05-12 12:54:14.001309"
1319,Haddaway,"What Is Love","2020-05-12 13:02:18.858075"
1320,"Dua Lipa","Don't Start Now","2020-05-12 13:04:20.596749"
1321,Madonna,"Like A Prayer","2020-05-12 13:07:23.221114"
1322,"Olsen Brothers","Fly On The Wings Of Love","2020-05-12 13:10:24.561721"
1323,Westlife,Mandy,"2020-05-12 13:13:27.899224"
1324,"Kim Wilde","You Keep Me Hanging On","2020-05-12 13:17:31.146145"
1325,"Kenny Loggins",Footloose,"2020-05-12 13:21:33.300828"
1326,"Jess Glynne","Hold My Hand","2020-05-12 13:29:38.738887"
1327,"Suzanne Vega",Luka,"2020-05-12 13:32:40.585261"
1328,"Elton John","Can You Feel The Love Tonight","2020-05-12 13:35:43.184737"
1329,"","Bodite V Dobri DruĹžbi In Si Oglejte Dokumentarec O OkuĹžbi","2020-05-12 13:39:46.338364"
1330,Killers,Human,"2020-05-12 13:40:46.596345"
1331,"Queen [+] David Bowie [+] David Lowie","Under Pressure","2020-05-12 13:45:50.680906"